Package,Version,URL,Status,Bloom Log,Build Log,Deb File,Installed Files
setup_files,0-2026.10.06.07.47,https://github.com/v4hn/setup_files/tree/main,success,setup_files_0-2026.10.06.07.47-bloom_generate.log,ros-one-setup-files_0-2026.10.06.07.47_amd64-2026-10-06T07:47:21Z.build,ros-one-setup-files_0-2026.10.06.07.47_amd64.deb,ros-one-setup-files_0-2026.10.06.07.47_amd64.files
ros_environment,1.3.2-5-gee6d167-2026.10.06.07.47,https://github.com/ros-o/ros_environment/tree/debian,success,ros_environment_1.3.2-5-gee6d167-2026.10.06.07.47-bloom_generate.log,ros-one-ros-environment_1.3.2-5-gee6d167-2026.10.06.07.47_amd64-2026-10-06T07:47:58Z.build,ros-one-ros-environment_1.3.2-5-gee6d167-2026.10.06.07.47_amd64.deb,ros-one-ros-environment_1.3.2-5-gee6d167-2026.10.06.07.47_amd64.files
cpp_common,0.7.3-4-g34fad8c-2026.10.06.07.50,https://github.com/ros-o/roscpp_core/tree/obese-devel,success,cpp_common_0.7.3-4-g34fad8c-2026.10.06.07.50-bloom_generate.log,ros-one-cpp-common_0.7.3-4-g34fad8c-2026.10.06.07.50_amd64-2026-10-06T07:50:43Z.build,ros-one-cpp-common_0.7.3-4-g34fad8c-2026.10.06.07.50_amd64.deb,ros-one-cpp-common_0.7.3-4-g34fad8c-2026.10.06.07.50_amd64.files
roscpp_core,0.7.3-4-g34fad8c-2026.10.06.07.51,https://github.com/ros-o/roscpp_core/tree/obese-devel,success,roscpp_core_0.7.3-4-g34fad8c-2026.10.06.07.51-bloom_generate.log,ros-one-roscpp-core_0.7.3-4-g34fad8c-2026.10.06.07.51_amd64-2026-10-06T07:51:28Z.build,ros-one-roscpp-core_0.7.3-4-g34fad8c-2026.10.06.07.51_amd64.deb,ros-one-roscpp-core_0.7.3-4-g34fad8c-2026.10.06.07.51_amd64.files
roscpp_traits,0.7.3-4-g34fad8c-2026.10.06.07.52,https://github.com/ros-o/roscpp_core/tree/obese-devel,success,roscpp_traits_0.7.3-4-g34fad8c-2026.10.06.07.52-bloom_generate.log,ros-one-roscpp-traits_0.7.3-4-g34fad8c-2026.10.06.07.52_amd64-2026-10-06T07:52:07Z.build,ros-one-roscpp-traits_0.7.3-4-g34fad8c-2026.10.06.07.52_amd64.deb,ros-one-roscpp-traits_0.7.3-4-g34fad8c-2026.10.06.07.52_amd64.files
rostime,0.7.3-4-g34fad8c-2026.10.06.07.52,https://github.com/ros-o/roscpp_core/tree/obese-devel,success,rostime_0.7.3-4-g34fad8c-2026.10.06.07.52-bloom_generate.log,ros-one-rostime_0.7.3-4-g34fad8c-2026.10.06.07.52_amd64-2026-10-06T07:52:42Z.build,ros-one-rostime_0.7.3-4-g34fad8c-2026.10.06.07.52_amd64.deb,ros-one-rostime_0.7.3-4-g34fad8c-2026.10.06.07.52_amd64.files
roscpp_serialization,0.7.3-4-g34fad8c-2026.10.06.07.53,https://github.com/ros-o/roscpp_core/tree/obese-devel,success,roscpp_serialization_0.7.3-4-g34fad8c-2026.10.06.07.53-bloom_generate.log,ros-one-roscpp-serialization_0.7.3-4-g34fad8c-2026.10.06.07.53_amd64-2026-10-06T07:53:36Z.build,ros-one-roscpp-serialization_0.7.3-4-g34fad8c-2026.10.06.07.53_amd64.deb,ros-one-roscpp-serialization_0.7.3-4-g34fad8c-2026.10.06.07.53_amd64.files
cmake_modules,0.5.2-1-g1dc8014-2026.10.06.07.51,https://github.com/ros/cmake_modules/tree/0.5-devel,success,cmake_modules_0.5.2-1-g1dc8014-2026.10.06.07.51-bloom_generate.log,ros-one-cmake-modules_0.5.2-1-g1dc8014-2026.10.06.07.51_amd64-2026-10-06T07:51:08Z.build,ros-one-cmake-modules_0.5.2-1-g1dc8014-2026.10.06.07.51_amd64.deb,ros-one-cmake-modules_0.5.2-1-g1dc8014-2026.10.06.07.51_amd64.files
genmsg,0.5.16-1-g7d8b6ce-2026.10.06.07.51,https://github.com/ros/genmsg/tree/kinetic-devel,success,genmsg_0.5.16-1-g7d8b6ce-2026.10.06.07.51-bloom_generate.log,ros-one-genmsg_0.5.16-1-g7d8b6ce-2026.10.06.07.51_amd64-2026-10-06T07:51:46Z.build,ros-one-genmsg_0.5.16-1-g7d8b6ce-2026.10.06.07.51_amd64.deb,ros-one-genmsg_0.5.16-1-g7d8b6ce-2026.10.06.07.51_amd64.files
rosbag_migration_rule,1.0.1-1-g2269b62-2026.10.06.07.52,https://github.com/ros/rosbag_migration_rule/tree/master,success,rosbag_migration_rule_1.0.1-1-g2269b62-2026.10.06.07.52-bloom_generate.log,ros-one-rosbag-migration-rule_1.0.1-1-g2269b62-2026.10.06.07.52_amd64-2026-10-06T07:52:25Z.build,ros-one-rosbag-migration-rule_1.0.1-1-g2269b62-2026.10.06.07.52_amd64.deb,ros-one-rosbag-migration-rule_1.0.1-1-g2269b62-2026.10.06.07.52_amd64.files
roslint,0.12.0-4-gac02636-2026.10.06.07.53,https://github.com/ros/roslint/tree/master,success,roslint_0.12.0-4-gac02636-2026.10.06.07.53-bloom_generate.log,ros-one-roslint_0.12.0-4-gac02636-2026.10.06.07.53_amd64-2026-10-06T07:53:03Z.build,ros-one-roslint_0.12.0-4-gac02636-2026.10.06.07.53_amd64.deb,ros-one-roslint_0.12.0-4-gac02636-2026.10.06.07.53_amd64.files
gencpp,0.7.2-2026.10.06.07.56,https://github.com/ros-o/gencpp/tree/obese-devel,success,gencpp_0.7.2-2026.10.06.07.56-bloom_generate.log,ros-one-gencpp_0.7.2-2026.10.06.07.56_amd64-2026-10-06T07:56:30Z.build,ros-one-gencpp_0.7.2-2026.10.06.07.56_amd64.deb,ros-one-gencpp_0.7.2-2026.10.06.07.56_amd64.files
genlisp,0.4.18-2026.10.06.07.56,https://github.com/ros/genlisp/tree/kinetic-devel,success,genlisp_0.4.18-2026.10.06.07.56-bloom_generate.log,ros-one-genlisp_0.4.18-2026.10.06.07.56_amd64-2026-10-06T07:56:26Z.build,ros-one-genlisp_0.4.18-2026.10.06.07.56_amd64.deb,ros-one-genlisp_0.4.18-2026.10.06.07.56_amd64.files
class_loader,0.5.2-2026.10.06.07.56,https://github.com/ros/class_loader/tree/noetic-devel,success,class_loader_0.5.2-2026.10.06.07.56-bloom_generate.log,ros-one-class-loader_0.5.2-2026.10.06.07.56_amd64-2026-10-06T07:56:16Z.build,ros-one-class-loader_0.5.2-2026.10.06.07.56_amd64.deb,ros-one-class-loader_0.5.2-2026.10.06.07.56_amd64.files
geneus,3.0.0-2026.10.06.07.56,https://github.com/jsk-ros-pkg/geneus/tree/master,success,geneus_3.0.0-2026.10.06.07.56-bloom_generate.log,ros-one-geneus_3.0.0-2026.10.06.07.56_amd64-2026-10-06T07:56:34Z.build,ros-one-geneus_3.0.0-2026.10.06.07.56_amd64.deb,ros-one-geneus_3.0.0-2026.10.06.07.56_amd64.files
gennodejs,2.0.1-8-g19d224c-2026.10.06.07.55,https://github.com/RethinkRobotics-opensource/gennodejs/tree/kinetic-devel,success,gennodejs_2.0.1-8-g19d224c-2026.10.06.07.55-bloom_generate.log,ros-one-gennodejs_2.0.1-8-g19d224c-2026.10.06.07.55_amd64-2026-10-06T07:56:01Z.build,ros-one-gennodejs_2.0.1-8-g19d224c-2026.10.06.07.55_amd64.deb,ros-one-gennodejs_2.0.1-8-g19d224c-2026.10.06.07.55_amd64.files
genpy,0.6.16-6-gf70658f-2026.10.06.07.56,https://github.com/ros/genpy/tree/main,success,genpy_0.6.16-6-gf70658f-2026.10.06.07.56-bloom_generate.log,ros-one-genpy_0.6.16-6-gf70658f-2026.10.06.07.56_amd64-2026-10-06T07:56:16Z.build,ros-one-genpy_0.6.16-6-gf70658f-2026.10.06.07.56_amd64.deb,ros-one-genpy_0.6.16-6-gf70658f-2026.10.06.07.56_amd64.files
rospack,2.6.4-1-gfd4d6fd-2026.10.06.07.56,https://github.com/ros/rospack/tree/noetic-devel,success,rospack_2.6.4-1-gfd4d6fd-2026.10.06.07.56-bloom_generate.log,ros-one-rospack_2.6.4-1-gfd4d6fd-2026.10.06.07.56_amd64-2026-10-06T07:56:08Z.build,ros-one-rospack_2.6.4-1-gfd4d6fd-2026.10.06.07.56_amd64.deb,ros-one-rospack_2.6.4-1-gfd4d6fd-2026.10.06.07.56_amd64.files
message_runtime,0.4.13-2026.10.06.07.59,https://github.com/ros/message_runtime/tree/kinetic-devel,success,message_runtime_0.4.13-2026.10.06.07.59-bloom_generate.log,ros-one-message-runtime_0.4.13-2026.10.06.07.59_amd64-2026-10-06T07:59:10Z.build,ros-one-message-runtime_0.4.13-2026.10.06.07.59_amd64.deb,ros-one-message-runtime_0.4.13-2026.10.06.07.59_amd64.files
message_generation,0.4.1-2026.10.06.07.59,https://github.com/ros/message_generation/tree/kinetic-devel,success,message_generation_0.4.1-2026.10.06.07.59-bloom_generate.log,ros-one-message-generation_0.4.1-2026.10.06.07.59_amd64-2026-10-06T07:59:37Z.build,ros-one-message-generation_0.4.1-2026.10.06.07.59_amd64.deb,ros-one-message-generation_0.4.1-2026.10.06.07.59_amd64.files
mk,1.15.10-1-g99fd9bb7-2026.10.06.08.02,https://github.com/ros/ros/tree/noetic-devel,success,mk_1.15.10-1-g99fd9bb7-2026.10.06.08.02-bloom_generate.log,ros-one-mk_1.15.10-1-g99fd9bb7-2026.10.06.08.02_amd64-2026-10-06T08:02:22Z.build,ros-one-mk_1.15.10-1-g99fd9bb7-2026.10.06.08.02_amd64.deb,ros-one-mk_1.15.10-1-g99fd9bb7-2026.10.06.08.02_amd64.files
ros,1.15.10-1-g99fd9bb7-2026.10.06.08.03,https://github.com/ros/ros/tree/noetic-devel,success,ros_1.15.10-1-g99fd9bb7-2026.10.06.08.03-bloom_generate.log,ros-one-ros_1.15.10-1-g99fd9bb7-2026.10.06.08.03_amd64-2026-10-06T08:03:03Z.build,ros-one-ros_1.15.10-1-g99fd9bb7-2026.10.06.08.03_amd64.deb,ros-one-ros_1.15.10-1-g99fd9bb7-2026.10.06.08.03_amd64.files
rosbash,1.15.10-1-g99fd9bb7-2026.10.06.08.03,https://github.com/ros/ros/tree/noetic-devel,success,rosbash_1.15.10-1-g99fd9bb7-2026.10.06.08.03-bloom_generate.log,ros-one-rosbash_1.15.10-1-g99fd9bb7-2026.10.06.08.03_amd64-2026-10-06T08:03:43Z.build,ros-one-rosbash_1.15.10-1-g99fd9bb7-2026.10.06.08.03_amd64.deb,ros-one-rosbash_1.15.10-1-g99fd9bb7-2026.10.06.08.03_amd64.files
rosboost_cfg,1.15.10-1-g99fd9bb7-2026.10.06.08.04,https://github.com/ros/ros/tree/noetic-devel,success,rosboost_cfg_1.15.10-1-g99fd9bb7-2026.10.06.08.04-bloom_generate.log,ros-one-rosboost-cfg_1.15.10-1-g99fd9bb7-2026.10.06.08.04_amd64-2026-10-06T08:04:21Z.build,ros-one-rosboost-cfg_1.15.10-1-g99fd9bb7-2026.10.06.08.04_amd64.deb,ros-one-rosboost-cfg_1.15.10-1-g99fd9bb7-2026.10.06.08.04_amd64.files
rosbuild,1.15.10-1-g99fd9bb7-2026.10.06.08.04,https://github.com/ros/ros/tree/noetic-devel,success,rosbuild_1.15.10-1-g99fd9bb7-2026.10.06.08.04-bloom_generate.log,ros-one-rosbuild_1.15.10-1-g99fd9bb7-2026.10.06.08.04_amd64-2026-10-06T08:05:00Z.build,ros-one-rosbuild_1.15.10-1-g99fd9bb7-2026.10.06.08.04_amd64.deb,ros-one-rosbuild_1.15.10-1-g99fd9bb7-2026.10.06.08.04_amd64.files
rosclean,1.15.10-1-g99fd9bb7-2026.10.06.08.05,https://github.com/ros/ros/tree/noetic-devel,success,rosclean_1.15.10-1-g99fd9bb7-2026.10.06.08.05-bloom_generate.log,ros-one-rosclean_1.15.10-1-g99fd9bb7-2026.10.06.08.05_amd64-2026-10-06T08:05:42Z.build,ros-one-rosclean_1.15.10-1-g99fd9bb7-2026.10.06.08.05_amd64.deb,ros-one-rosclean_1.15.10-1-g99fd9bb7-2026.10.06.08.05_amd64.files
roscreate,1.15.10-1-g99fd9bb7-2026.10.06.08.06,https://github.com/ros/ros/tree/noetic-devel,success,roscreate_1.15.10-1-g99fd9bb7-2026.10.06.08.06-bloom_generate.log,ros-one-roscreate_1.15.10-1-g99fd9bb7-2026.10.06.08.06_amd64-2026-10-06T08:06:21Z.build,ros-one-roscreate_1.15.10-1-g99fd9bb7-2026.10.06.08.06_amd64.deb,ros-one-roscreate_1.15.10-1-g99fd9bb7-2026.10.06.08.06_amd64.files
roslang,1.15.10-1-g99fd9bb7-2026.10.06.08.07,https://github.com/ros/ros/tree/noetic-devel,success,roslang_1.15.10-1-g99fd9bb7-2026.10.06.08.07-bloom_generate.log,ros-one-roslang_1.15.10-1-g99fd9bb7-2026.10.06.08.07_amd64-2026-10-06T08:07:03Z.build,ros-one-roslang_1.15.10-1-g99fd9bb7-2026.10.06.08.07_amd64.deb,ros-one-roslang_1.15.10-1-g99fd9bb7-2026.10.06.08.07_amd64.files
rosmake,1.15.10-1-g99fd9bb7-2026.10.06.08.07,https://github.com/ros/ros/tree/noetic-devel,success,rosmake_1.15.10-1-g99fd9bb7-2026.10.06.08.07-bloom_generate.log,ros-one-rosmake_1.15.10-1-g99fd9bb7-2026.10.06.08.07_amd64-2026-10-06T08:07:45Z.build,ros-one-rosmake_1.15.10-1-g99fd9bb7-2026.10.06.08.07_amd64.deb,ros-one-rosmake_1.15.10-1-g99fd9bb7-2026.10.06.08.07_amd64.files
roslib,1.15.10-1-g99fd9bb7-2026.10.06.08.08,https://github.com/ros/ros/tree/noetic-devel,success,roslib_1.15.10-1-g99fd9bb7-2026.10.06.08.08-bloom_generate.log,ros-one-roslib_1.15.10-1-g99fd9bb7-2026.10.06.08.08_amd64-2026-10-06T08:08:28Z.build,ros-one-roslib_1.15.10-1-g99fd9bb7-2026.10.06.08.08_amd64.deb,ros-one-roslib_1.15.10-1-g99fd9bb7-2026.10.06.08.08_amd64.files
rosunit,1.15.10-1-g99fd9bb7-2026.10.06.08.09,https://github.com/ros/ros/tree/noetic-devel,success,rosunit_1.15.10-1-g99fd9bb7-2026.10.06.08.09-bloom_generate.log,ros-one-rosunit_1.15.10-1-g99fd9bb7-2026.10.06.08.09_amd64-2026-10-06T08:09:21Z.build,ros-one-rosunit_1.15.10-1-g99fd9bb7-2026.10.06.08.09_amd64.deb,ros-one-rosunit_1.15.10-1-g99fd9bb7-2026.10.06.08.09_amd64.files
std_msgs,0.5.13-1-gf3554d4-2026.10.06.08.02,https://github.com/ros/std_msgs/tree/kinetic-devel,success,std_msgs_0.5.13-1-gf3554d4-2026.10.06.08.02-bloom_generate.log,ros-one-std-msgs_0.5.13-1-gf3554d4-2026.10.06.08.02_amd64-2026-10-06T08:02:12Z.build,ros-one-std-msgs_0.5.13-1-gf3554d4-2026.10.06.08.02_amd64.deb,ros-one-std-msgs_0.5.13-1-gf3554d4-2026.10.06.08.02_amd64.files
rosgraph_msgs,1.11.3-1-gf51a0429-2026.10.06.08.11,https://github.com/ros/ros_comm_msgs/tree/kinetic-devel,success,rosgraph_msgs_1.11.3-1-gf51a0429-2026.10.06.08.11-bloom_generate.log,ros-one-rosgraph-msgs_1.11.3-1-gf51a0429-2026.10.06.08.11_amd64-2026-10-06T08:11:46Z.build,ros-one-rosgraph-msgs_1.11.3-1-gf51a0429-2026.10.06.08.11_amd64.deb,ros-one-rosgraph-msgs_1.11.3-1-gf51a0429-2026.10.06.08.11_amd64.files
std_srvs,1.11.3-1-gf51a0429-2026.10.06.08.12,https://github.com/ros/ros_comm_msgs/tree/kinetic-devel,success,std_srvs_1.11.3-1-gf51a0429-2026.10.06.08.12-bloom_generate.log,ros-one-std-srvs_1.11.3-1-gf51a0429-2026.10.06.08.12_amd64-2026-10-06T08:12:36Z.build,ros-one-std-srvs_1.11.3-1-gf51a0429-2026.10.06.08.12_amd64.deb,ros-one-std-srvs_1.11.3-1-gf51a0429-2026.10.06.08.12_amd64.files
angles,1.9.13-2-g2392b18-2026.10.06.08.11,https://github.com/ros/angles/tree/master,success,angles_1.9.13-2-g2392b18-2026.10.06.08.11-bloom_generate.log,ros-one-angles_1.9.13-2-g2392b18-2026.10.06.08.11_amd64-2026-10-06T08:11:55Z.build,ros-one-angles_1.9.13-2-g2392b18-2026.10.06.08.11_amd64.deb,ros-one-angles_1.9.13-2-g2392b18-2026.10.06.08.11_amd64.files
rosconsole,1.14.3-6-g08c1475e-2026.10.06.08.12,https://github.com/ros-o/rosconsole/tree/obese-devel,success,rosconsole_1.14.3-6-g08c1475e-2026.10.06.08.12-bloom_generate.log,ros-one-rosconsole_1.14.3-6-g08c1475e-2026.10.06.08.12_amd64-2026-10-06T08:12:42Z.build,ros-one-rosconsole_1.14.3-6-g08c1475e-2026.10.06.08.12_amd64.deb,ros-one-rosconsole_1.14.3-6-g08c1475e-2026.10.06.08.12_amd64.files
roslisp,1.9.25-2026.10.06.08.15,https://github.com/ros/roslisp/tree/master,success,roslisp_1.9.25-2026.10.06.08.15-bloom_generate.log,ros-one-roslisp_1.9.25-2026.10.06.08.15_amd64-2026-10-06T08:15:55Z.build,ros-one-roslisp_1.9.25-2026.10.06.08.15_amd64.deb,ros-one-roslisp_1.9.25-2026.10.06.08.15_amd64.files
pluginlib,1.13.0-2-g51a2cb0-2026.10.06.08.15,https://github.com/ros-o/pluginlib/tree/obese-devel,success,pluginlib_1.13.0-2-g51a2cb0-2026.10.06.08.15-bloom_generate.log,ros-one-pluginlib_1.13.0-2-g51a2cb0-2026.10.06.08.15_amd64-2026-10-06T08:15:32Z.build,ros-one-pluginlib_1.13.0-2-g51a2cb0-2026.10.06.08.15_amd64.deb,ros-one-pluginlib_1.13.0-2-g51a2cb0-2026.10.06.08.15_amd64.files
rosconsole_bridge,0.5.4-1-g38b0830-2026.10.06.08.15,https://github.com/ros/rosconsole_bridge/tree/kinetic-devel,success,rosconsole_bridge_0.5.4-1-g38b0830-2026.10.06.08.15-bloom_generate.log,ros-one-rosconsole-bridge_0.5.4-1-g38b0830-2026.10.06.08.15_amd64-2026-10-06T08:15:24Z.build,ros-one-rosconsole-bridge_0.5.4-1-g38b0830-2026.10.06.08.15_amd64.deb,ros-one-rosconsole-bridge_0.5.4-1-g38b0830-2026.10.06.08.15_amd64.files
actionlib_msgs,1.13.2-1-g092bc23-2026.10.06.08.18,https://github.com/ros/common_msgs/tree/noetic-devel,success,actionlib_msgs_1.13.2-1-g092bc23-2026.10.06.08.18-bloom_generate.log,ros-one-actionlib-msgs_1.13.2-1-g092bc23-2026.10.06.08.18_amd64-2026-10-06T08:18:44Z.build,ros-one-actionlib-msgs_1.13.2-1-g092bc23-2026.10.06.08.18_amd64.deb,ros-one-actionlib-msgs_1.13.2-1-g092bc23-2026.10.06.08.18_amd64.files
common_msgs,1.13.2-1-g092bc23-2026.10.06.08.19,https://github.com/ros/common_msgs/tree/noetic-devel,success,common_msgs_1.13.2-1-g092bc23-2026.10.06.08.19-bloom_generate.log,ros-one-common-msgs_1.13.2-1-g092bc23-2026.10.06.08.19_amd64-2026-10-06T08:19:30Z.build,ros-one-common-msgs_1.13.2-1-g092bc23-2026.10.06.08.19_amd64.deb,ros-one-common-msgs_1.13.2-1-g092bc23-2026.10.06.08.19_amd64.files
diagnostic_msgs,1.13.2-1-g092bc23-2026.10.06.08.20,https://github.com/ros/common_msgs/tree/noetic-devel,success,diagnostic_msgs_1.13.2-1-g092bc23-2026.10.06.08.20-bloom_generate.log,ros-one-diagnostic-msgs_1.13.2-1-g092bc23-2026.10.06.08.20_amd64-2026-10-06T08:20:12Z.build,ros-one-diagnostic-msgs_1.13.2-1-g092bc23-2026.10.06.08.20_amd64.deb,ros-one-diagnostic-msgs_1.13.2-1-g092bc23-2026.10.06.08.20_amd64.files
geometry_msgs,1.13.2-1-g092bc23-2026.10.06.08.20,https://github.com/ros/common_msgs/tree/noetic-devel,success,geometry_msgs_1.13.2-1-g092bc23-2026.10.06.08.20-bloom_generate.log,ros-one-geometry-msgs_1.13.2-1-g092bc23-2026.10.06.08.20_amd64-2026-10-06T08:21:00Z.build,ros-one-geometry-msgs_1.13.2-1-g092bc23-2026.10.06.08.20_amd64.deb,ros-one-geometry-msgs_1.13.2-1-g092bc23-2026.10.06.08.20_amd64.files
nav_msgs,1.13.2-1-g092bc23-2026.10.06.08.21,https://github.com/ros/common_msgs/tree/noetic-devel,success,nav_msgs_1.13.2-1-g092bc23-2026.10.06.08.21-bloom_generate.log,ros-one-nav-msgs_1.13.2-1-g092bc23-2026.10.06.08.21_amd64-2026-10-06T08:21:51Z.build,ros-one-nav-msgs_1.13.2-1-g092bc23-2026.10.06.08.21_amd64.deb,ros-one-nav-msgs_1.13.2-1-g092bc23-2026.10.06.08.21_amd64.files
ros_comm,1.17.0-15-g678162e3-2026.10.06.08.22,https://github.com/cjue/ros_comm/tree/mikado,success,ros_comm_1.17.0-15-g678162e3-2026.10.06.08.22-bloom_generate.log,ros-one-ros-comm_1.17.0-15-g678162e3-2026.10.06.08.22_amd64-2026-10-06T08:22:39Z.build,ros-one-ros-comm_1.17.0-15-g678162e3-2026.10.06.08.22_amd64.deb,ros-one-ros-comm_1.17.0-15-g678162e3-2026.10.06.08.22_amd64.files
rosgraph,1.17.0-15-g678162e3-2026.10.06.08.23,https://github.com/cjue/ros_comm/tree/mikado,success,rosgraph_1.17.0-15-g678162e3-2026.10.06.08.23-bloom_generate.log,ros-one-rosgraph_1.17.0-15-g678162e3-2026.10.06.08.23_amd64-2026-10-06T08:23:17Z.build,ros-one-rosgraph_1.17.0-15-g678162e3-2026.10.06.08.23_amd64.deb,ros-one-rosgraph_1.17.0-15-g678162e3-2026.10.06.08.23_amd64.files
roslaunch,1.17.0-15-g678162e3-2026.10.06.08.23,https://github.com/cjue/ros_comm/tree/mikado,success,roslaunch_1.17.0-15-g678162e3-2026.10.06.08.23-bloom_generate.log,ros-one-roslaunch_1.17.0-15-g678162e3-2026.10.06.08.23_amd64-2026-10-06T08:23:57Z.build,ros-one-roslaunch_1.17.0-15-g678162e3-2026.10.06.08.23_amd64.deb,ros-one-roslaunch_1.17.0-15-g678162e3-2026.10.06.08.23_amd64.files
roslz4,1.17.0-15-g678162e3-2026.10.06.08.24,https://github.com/cjue/ros_comm/tree/mikado,success,roslz4_1.17.0-15-g678162e3-2026.10.06.08.24-bloom_generate.log,ros-one-roslz4_1.17.0-15-g678162e3-2026.10.06.08.24_amd64-2026-10-06T08:24:40Z.build,ros-one-roslz4_1.17.0-15-g678162e3-2026.10.06.08.24_amd64.deb,ros-one-roslz4_1.17.0-15-g678162e3-2026.10.06.08.24_amd64.files
rosmaster,1.17.0-15-g678162e3-2026.10.06.08.25,https://github.com/cjue/ros_comm/tree/mikado,success,rosmaster_1.17.0-15-g678162e3-2026.10.06.08.25-bloom_generate.log,ros-one-rosmaster_1.17.0-15-g678162e3-2026.10.06.08.25_amd64-2026-10-06T08:25:41Z.build,ros-one-rosmaster_1.17.0-15-g678162e3-2026.10.06.08.25_amd64.deb,ros-one-rosmaster_1.17.0-15-g678162e3-2026.10.06.08.25_amd64.files
rosparam,1.17.0-15-g678162e3-2026.10.06.08.26,https://github.com/cjue/ros_comm/tree/mikado,success,rosparam_1.17.0-15-g678162e3-2026.10.06.08.26-bloom_generate.log,ros-one-rosparam_1.17.0-15-g678162e3-2026.10.06.08.26_amd64-2026-10-06T08:26:20Z.build,ros-one-rosparam_1.17.0-15-g678162e3-2026.10.06.08.26_amd64.deb,ros-one-rosparam_1.17.0-15-g678162e3-2026.10.06.08.26_amd64.files
rospy,1.17.0-15-g678162e3-2026.10.06.08.27,https://github.com/cjue/ros_comm/tree/mikado,success,rospy_1.17.0-15-g678162e3-2026.10.06.08.27-bloom_generate.log,ros-one-rospy_1.17.0-15-g678162e3-2026.10.06.08.27_amd64-2026-10-06T08:27:03Z.build,ros-one-rospy_1.17.0-15-g678162e3-2026.10.06.08.27_amd64.deb,ros-one-rospy_1.17.0-15-g678162e3-2026.10.06.08.27_amd64.files
rosservice,1.17.0-15-g678162e3-2026.10.06.08.27,https://github.com/cjue/ros_comm/tree/mikado,success,rosservice_1.17.0-15-g678162e3-2026.10.06.08.27-bloom_generate.log,ros-one-rosservice_1.17.0-15-g678162e3-2026.10.06.08.27_amd64-2026-10-06T08:27:47Z.build,ros-one-rosservice_1.17.0-15-g678162e3-2026.10.06.08.27_amd64.deb,ros-one-rosservice_1.17.0-15-g678162e3-2026.10.06.08.27_amd64.files
rostest,1.17.0-15-g678162e3-2026.10.06.08.28,https://github.com/cjue/ros_comm/tree/mikado,success,rostest_1.17.0-15-g678162e3-2026.10.06.08.28-bloom_generate.log,ros-one-rostest_1.17.0-15-g678162e3-2026.10.06.08.28_amd64-2026-10-06T08:28:29Z.build,ros-one-rostest_1.17.0-15-g678162e3-2026.10.06.08.28_amd64.deb,ros-one-rostest_1.17.0-15-g678162e3-2026.10.06.08.28_amd64.files
shape_msgs,1.13.2-1-g092bc23-2026.10.06.08.29,https://github.com/ros/common_msgs/tree/noetic-devel,success,shape_msgs_1.13.2-1-g092bc23-2026.10.06.08.29-bloom_generate.log,ros-one-shape-msgs_1.13.2-1-g092bc23-2026.10.06.08.29_amd64-2026-10-06T08:29:19Z.build,ros-one-shape-msgs_1.13.2-1-g092bc23-2026.10.06.08.29_amd64.deb,ros-one-shape-msgs_1.13.2-1-g092bc23-2026.10.06.08.29_amd64.files
test_roslib_comm,1.17.0-15-g678162e3-2026.10.06.08.30,https://github.com/cjue/ros_comm/tree/mikado,success,test_roslib_comm_1.17.0-15-g678162e3-2026.10.06.08.30-bloom_generate.log,ros-one-test-roslib-comm_1.17.0-15-g678162e3-2026.10.06.08.30_amd64-2026-10-06T08:30:08Z.build,ros-one-test-roslib-comm_1.17.0-15-g678162e3-2026.10.06.08.30_amd64.deb,ros-one-test-roslib-comm_1.17.0-15-g678162e3-2026.10.06.08.30_amd64.files
trajectory_msgs,1.13.2-1-g092bc23-2026.10.06.08.30,https://github.com/ros/common_msgs/tree/noetic-devel,success,trajectory_msgs_1.13.2-1-g092bc23-2026.10.06.08.30-bloom_generate.log,ros-one-trajectory-msgs_1.13.2-1-g092bc23-2026.10.06.08.30_amd64-2026-10-06T08:30:55Z.build,ros-one-trajectory-msgs_1.13.2-1-g092bc23-2026.10.06.08.30_amd64.deb,ros-one-trajectory-msgs_1.13.2-1-g092bc23-2026.10.06.08.30_amd64.files
visualization_msgs,1.13.2-1-g092bc23-2026.10.06.08.31,https://github.com/ros/common_msgs/tree/noetic-devel,success,visualization_msgs_1.13.2-1-g092bc23-2026.10.06.08.31-bloom_generate.log,ros-one-visualization-msgs_1.13.2-1-g092bc23-2026.10.06.08.31_amd64-2026-10-06T08:31:41Z.build,ros-one-visualization-msgs_1.13.2-1-g092bc23-2026.10.06.08.31_amd64.deb,ros-one-visualization-msgs_1.13.2-1-g092bc23-2026.10.06.08.31_amd64.files
xmlrpcpp,1.17.0-15-g678162e3-2026.10.06.08.32,https://github.com/cjue/ros_comm/tree/mikado,success,xmlrpcpp_1.17.0-15-g678162e3-2026.10.06.08.32-bloom_generate.log,ros-one-xmlrpcpp_1.17.0-15-g678162e3-2026.10.06.08.32_amd64-2026-10-06T08:32:31Z.build,ros-one-xmlrpcpp_1.17.0-15-g678162e3-2026.10.06.08.32_amd64.deb,ros-one-xmlrpcpp_1.17.0-15-g678162e3-2026.10.06.08.32_amd64.files
roscpp,1.17.0-15-g678162e3-2026.10.06.08.33,https://github.com/cjue/ros_comm/tree/mikado,success,roscpp_1.17.0-15-g678162e3-2026.10.06.08.33-bloom_generate.log,ros-one-roscpp_1.17.0-15-g678162e3-2026.10.06.08.33_amd64-2026-10-06T08:33:26Z.build,ros-one-roscpp_1.17.0-15-g678162e3-2026.10.06.08.33_amd64.deb,ros-one-roscpp_1.17.0-15-g678162e3-2026.10.06.08.33_amd64.files
rosout,1.17.0-15-g678162e3-2026.10.06.08.35,https://github.com/cjue/ros_comm/tree/mikado,success,rosout_1.17.0-15-g678162e3-2026.10.06.08.35-bloom_generate.log,ros-one-rosout_1.17.0-15-g678162e3-2026.10.06.08.35_amd64-2026-10-06T08:35:39Z.build,ros-one-rosout_1.17.0-15-g678162e3-2026.10.06.08.35_amd64.deb,ros-one-rosout_1.17.0-15-g678162e3-2026.10.06.08.35_amd64.files
message_filters,1.17.0-15-g678162e3-2026.10.06.08.36,https://github.com/cjue/ros_comm/tree/mikado,success,message_filters_1.17.0-15-g678162e3-2026.10.06.08.36-bloom_generate.log,ros-one-message-filters_1.17.0-15-g678162e3-2026.10.06.08.36_amd64-2026-10-06T08:36:33Z.build,ros-one-message-filters_1.17.0-15-g678162e3-2026.10.06.08.36_amd64.deb,ros-one-message-filters_1.17.0-15-g678162e3-2026.10.06.08.36_amd64.files
rosbag_storage,1.17.0-15-g678162e3-2026.10.06.08.37,https://github.com/cjue/ros_comm/tree/mikado,success,rosbag_storage_1.17.0-15-g678162e3-2026.10.06.08.37-bloom_generate.log,ros-one-rosbag-storage_1.17.0-15-g678162e3-2026.10.06.08.37_amd64-2026-10-06T08:37:30Z.build,ros-one-rosbag-storage_1.17.0-15-g678162e3-2026.10.06.08.37_amd64.deb,ros-one-rosbag-storage_1.17.0-15-g678162e3-2026.10.06.08.37_amd64.files
rosmsg,1.17.0-15-g678162e3-2026.10.06.08.38,https://github.com/cjue/ros_comm/tree/mikado,success,rosmsg_1.17.0-15-g678162e3-2026.10.06.08.38-bloom_generate.log,ros-one-rosmsg_1.17.0-15-g678162e3-2026.10.06.08.38_amd64-2026-10-06T08:38:54Z.build,ros-one-rosmsg_1.17.0-15-g678162e3-2026.10.06.08.38_amd64.deb,ros-one-rosmsg_1.17.0-15-g678162e3-2026.10.06.08.38_amd64.files
rosnode,1.17.0-15-g678162e3-2026.10.06.08.39,https://github.com/cjue/ros_comm/tree/mikado,success,rosnode_1.17.0-15-g678162e3-2026.10.06.08.39-bloom_generate.log,ros-one-rosnode_1.17.0-15-g678162e3-2026.10.06.08.39_amd64-2026-10-06T08:39:38Z.build,ros-one-rosnode_1.17.0-15-g678162e3-2026.10.06.08.39_amd64.deb,ros-one-rosnode_1.17.0-15-g678162e3-2026.10.06.08.39_amd64.files
rostopic,1.17.0-15-g678162e3-2026.10.06.08.40,https://github.com/cjue/ros_comm/tree/mikado,success,rostopic_1.17.0-15-g678162e3-2026.10.06.08.40-bloom_generate.log,ros-one-rostopic_1.17.0-15-g678162e3-2026.10.06.08.40_amd64-2026-10-06T08:40:30Z.build,ros-one-rostopic_1.17.0-15-g678162e3-2026.10.06.08.40_amd64.deb,ros-one-rostopic_1.17.0-15-g678162e3-2026.10.06.08.40_amd64.files
test_rosbag_storage,1.17.0-15-g678162e3-2026.10.06.08.41,https://github.com/cjue/ros_comm/tree/mikado,success,test_rosbag_storage_1.17.0-15-g678162e3-2026.10.06.08.41-bloom_generate.log,ros-one-test-rosbag-storage_1.17.0-15-g678162e3-2026.10.06.08.41_amd64-2026-10-06T08:41:26Z.build,ros-one-test-rosbag-storage_1.17.0-15-g678162e3-2026.10.06.08.41_amd64.deb,ros-one-test-rosbag-storage_1.17.0-15-g678162e3-2026.10.06.08.41_amd64.files
test_roscpp,1.17.0-15-g678162e3-2026.10.06.08.42,https://github.com/cjue/ros_comm/tree/mikado,success,test_roscpp_1.17.0-15-g678162e3-2026.10.06.08.42-bloom_generate.log,ros-one-test-roscpp_1.17.0-15-g678162e3-2026.10.06.08.42_amd64-2026-10-06T08:42:21Z.build,ros-one-test-roscpp_1.17.0-15-g678162e3-2026.10.06.08.42_amd64.deb,ros-one-test-roscpp_1.17.0-15-g678162e3-2026.10.06.08.42_amd64.files
test_rosgraph,1.17.0-15-g678162e3-2026.10.06.08.43,https://github.com/cjue/ros_comm/tree/mikado,success,test_rosgraph_1.17.0-15-g678162e3-2026.10.06.08.43-bloom_generate.log,ros-one-test-rosgraph_1.17.0-15-g678162e3-2026.10.06.08.43_amd64-2026-10-06T08:43:20Z.build,ros-one-test-rosgraph_1.17.0-15-g678162e3-2026.10.06.08.43_amd64.deb,ros-one-test-rosgraph_1.17.0-15-g678162e3-2026.10.06.08.43_amd64.files
test_roslaunch,1.17.0-15-g678162e3-2026.10.06.08.44,https://github.com/cjue/ros_comm/tree/mikado,success,test_roslaunch_1.17.0-15-g678162e3-2026.10.06.08.44-bloom_generate.log,ros-one-test-roslaunch_1.17.0-15-g678162e3-2026.10.06.08.44_amd64-2026-10-06T08:44:14Z.build,ros-one-test-roslaunch_1.17.0-15-g678162e3-2026.10.06.08.44_amd64.deb,ros-one-test-roslaunch_1.17.0-15-g678162e3-2026.10.06.08.44_amd64.files
test_rosmaster,1.17.0-15-g678162e3-2026.10.06.08.45,https://github.com/cjue/ros_comm/tree/mikado,success,test_rosmaster_1.17.0-15-g678162e3-2026.10.06.08.45-bloom_generate.log,ros-one-test-rosmaster_1.17.0-15-g678162e3-2026.10.06.08.45_amd64-2026-10-06T08:45:10Z.build,ros-one-test-rosmaster_1.17.0-15-g678162e3-2026.10.06.08.45_amd64.deb,ros-one-test-rosmaster_1.17.0-15-g678162e3-2026.10.06.08.45_amd64.files
test_rosparam,1.17.0-15-g678162e3-2026.10.06.08.46,https://github.com/cjue/ros_comm/tree/mikado,success,test_rosparam_1.17.0-15-g678162e3-2026.10.06.08.46-bloom_generate.log,ros-one-test-rosparam_1.17.0-15-g678162e3-2026.10.06.08.46_amd64-2026-10-06T08:46:03Z.build,ros-one-test-rosparam_1.17.0-15-g678162e3-2026.10.06.08.46_amd64.deb,ros-one-test-rosparam_1.17.0-15-g678162e3-2026.10.06.08.46_amd64.files
topic_tools,1.17.0-15-g678162e3-2026.10.06.08.46,https://github.com/cjue/ros_comm/tree/mikado,success,topic_tools_1.17.0-15-g678162e3-2026.10.06.08.46-bloom_generate.log,ros-one-topic-tools_1.17.0-15-g678162e3-2026.10.06.08.46_amd64-2026-10-06T08:47:00Z.build,ros-one-topic-tools_1.17.0-15-g678162e3-2026.10.06.08.46_amd64.deb,ros-one-topic-tools_1.17.0-15-g678162e3-2026.10.06.08.46_amd64.files
rosbag,1.17.0-15-g678162e3-2026.10.06.08.48,https://github.com/cjue/ros_comm/tree/mikado,success,rosbag_1.17.0-15-g678162e3-2026.10.06.08.48-bloom_generate.log,ros-one-rosbag_1.17.0-15-g678162e3-2026.10.06.08.48_amd64-2026-10-06T08:48:20Z.build,ros-one-rosbag_1.17.0-15-g678162e3-2026.10.06.08.48_amd64.deb,ros-one-rosbag_1.17.0-15-g678162e3-2026.10.06.08.48_amd64.files
roswtf,1.17.0-15-g678162e3-2026.10.06.08.49,https://github.com/cjue/ros_comm/tree/mikado,success,roswtf_1.17.0-15-g678162e3-2026.10.06.08.49-bloom_generate.log,ros-one-roswtf_1.17.0-15-g678162e3-2026.10.06.08.49_amd64-2026-10-06T08:49:53Z.build,ros-one-roswtf_1.17.0-15-g678162e3-2026.10.06.08.49_amd64.deb,ros-one-roswtf_1.17.0-15-g678162e3-2026.10.06.08.49_amd64.files
sensor_msgs,1.13.2-1-g092bc23-2026.10.06.08.50,https://github.com/ros/common_msgs/tree/noetic-devel,success,sensor_msgs_1.13.2-1-g092bc23-2026.10.06.08.50-bloom_generate.log,ros-one-sensor-msgs_1.13.2-1-g092bc23-2026.10.06.08.50_amd64-2026-10-06T08:50:51Z.build,ros-one-sensor-msgs_1.13.2-1-g092bc23-2026.10.06.08.50_amd64.deb,ros-one-sensor-msgs_1.13.2-1-g092bc23-2026.10.06.08.50_amd64.files
stereo_msgs,1.13.2-1-g092bc23-2026.10.06.08.51,https://github.com/ros/common_msgs/tree/noetic-devel,success,stereo_msgs_1.13.2-1-g092bc23-2026.10.06.08.51-bloom_generate.log,ros-one-stereo-msgs_1.13.2-1-g092bc23-2026.10.06.08.51_amd64-2026-10-06T08:51:51Z.build,ros-one-stereo-msgs_1.13.2-1-g092bc23-2026.10.06.08.51_amd64.deb,ros-one-stereo-msgs_1.13.2-1-g092bc23-2026.10.06.08.51_amd64.files
test_rosbag,1.17.0-15-g678162e3-2026.10.06.08.52,https://github.com/cjue/ros_comm/tree/mikado,success,test_rosbag_1.17.0-15-g678162e3-2026.10.06.08.52-bloom_generate.log,ros-one-test-rosbag_1.17.0-15-g678162e3-2026.10.06.08.52_amd64-2026-10-06T08:52:45Z.build,ros-one-test-rosbag_1.17.0-15-g678162e3-2026.10.06.08.52_amd64.deb,ros-one-test-rosbag_1.17.0-15-g678162e3-2026.10.06.08.52_amd64.files
test_rospy,1.17.0-15-g678162e3-2026.10.06.08.53,https://github.com/cjue/ros_comm/tree/mikado,success,test_rospy_1.17.0-15-g678162e3-2026.10.06.08.53-bloom_generate.log,ros-one-test-rospy_1.17.0-15-g678162e3-2026.10.06.08.53_amd64-2026-10-06T08:53:51Z.build,ros-one-test-rospy_1.17.0-15-g678162e3-2026.10.06.08.53_amd64.deb,ros-one-test-rospy_1.17.0-15-g678162e3-2026.10.06.08.53_amd64.files
test_rosservice,1.17.0-15-g678162e3-2026.10.06.08.54,https://github.com/cjue/ros_comm/tree/mikado,success,test_rosservice_1.17.0-15-g678162e3-2026.10.06.08.54-bloom_generate.log,ros-one-test-rosservice_1.17.0-15-g678162e3-2026.10.06.08.54_amd64-2026-10-06T08:54:49Z.build,ros-one-test-rosservice_1.17.0-15-g678162e3-2026.10.06.08.54_amd64.deb,ros-one-test-rosservice_1.17.0-15-g678162e3-2026.10.06.08.54_amd64.files
test_rostest,1.17.0-15-g678162e3-2026.10.06.08.55,https://github.com/cjue/ros_comm/tree/mikado,success,test_rostest_1.17.0-15-g678162e3-2026.10.06.08.55-bloom_generate.log,ros-one-test-rostest_1.17.0-15-g678162e3-2026.10.06.08.55_amd64-2026-10-06T08:55:45Z.build,ros-one-test-rostest_1.17.0-15-g678162e3-2026.10.06.08.55_amd64.deb,ros-one-test-rostest_1.17.0-15-g678162e3-2026.10.06.08.55_amd64.files
test_rostopic,1.17.0-15-g678162e3-2026.10.06.08.56,https://github.com/cjue/ros_comm/tree/mikado,success,test_rostopic_1.17.0-15-g678162e3-2026.10.06.08.56-bloom_generate.log,ros-one-test-rostopic_1.17.0-15-g678162e3-2026.10.06.08.56_amd64-2026-10-06T08:57:00Z.build,ros-one-test-rostopic_1.17.0-15-g678162e3-2026.10.06.08.56_amd64.deb,ros-one-test-rostopic_1.17.0-15-g678162e3-2026.10.06.08.56_amd64.files
urdf_parser_plugin,1.13.2-9-g0bc1089-2026.10.06.08.59,https://github.com/ros-o/urdf/tree/obese-devel,success,urdf_parser_plugin_1.13.2-9-g0bc1089-2026.10.06.08.59-bloom_generate.log,ros-one-urdf-parser-plugin_1.13.2-9-g0bc1089-2026.10.06.08.59_amd64-2026-10-06T08:59:54Z.build,ros-one-urdf-parser-plugin_1.13.2-9-g0bc1089-2026.10.06.08.59_amd64.deb,ros-one-urdf-parser-plugin_1.13.2-9-g0bc1089-2026.10.06.08.59_amd64.files
urdf,1.13.2-9-g0bc1089-2026.10.06.09.00,https://github.com/ros-o/urdf/tree/obese-devel,success,urdf_1.13.2-9-g0bc1089-2026.10.06.09.00-bloom_generate.log,ros-one-urdf_1.13.2-9-g0bc1089-2026.10.06.09.00_amd64-2026-10-06T09:00:52Z.build,ros-one-urdf_1.13.2-9-g0bc1089-2026.10.06.09.00_amd64.deb,ros-one-urdf_1.13.2-9-g0bc1089-2026.10.06.09.00_amd64.files
rosbag_snapshot_msgs,1.0.7-2026.10.06.09.01,https://github.com/isys-vision/rosbag_snapshot/tree/mikado,success,rosbag_snapshot_msgs_1.0.7-2026.10.06.09.01-bloom_generate.log,ros-one-rosbag-snapshot-msgs_1.0.7-2026.10.06.09.01_amd64-2026-10-06T09:01:04Z.build,ros-one-rosbag-snapshot-msgs_1.0.7-2026.10.06.09.01_amd64.deb,ros-one-rosbag-snapshot-msgs_1.0.7-2026.10.06.09.01_amd64.files
rosbag_snapshot,1.0.7-2026.10.06.09.02,https://github.com/isys-vision/rosbag_snapshot/tree/mikado,success,rosbag_snapshot_1.0.7-2026.10.06.09.02-bloom_generate.log,ros-one-rosbag-snapshot_1.0.7-2026.10.06.09.02_amd64-2026-10-06T09:02:08Z.build,ros-one-rosbag-snapshot_1.0.7-2026.10.06.09.02_amd64.deb,ros-one-rosbag-snapshot_1.0.7-2026.10.06.09.02_amd64.files
actionlib,1.14.0-7-g792eeda-2026.10.06.09.00,https://github.com/ros-o/actionlib/tree/obese-devel,success,actionlib_1.14.0-7-g792eeda-2026.10.06.09.00-bloom_generate.log,ros-one-actionlib_1.14.0-7-g792eeda-2026.10.06.09.00_amd64-2026-10-06T09:00:42Z.build,ros-one-actionlib_1.14.0-7-g792eeda-2026.10.06.09.00_amd64.deb,ros-one-actionlib_1.14.0-7-g792eeda-2026.10.06.09.00_amd64.files
actionlib_tools,1.14.0-7-g792eeda-2026.10.06.09.02,https://github.com/ros-o/actionlib/tree/obese-devel,success,actionlib_tools_1.14.0-7-g792eeda-2026.10.06.09.02-bloom_generate.log,ros-one-actionlib-tools_1.14.0-7-g792eeda-2026.10.06.09.02_amd64-2026-10-06T09:02:08Z.build,ros-one-actionlib-tools_1.14.0-7-g792eeda-2026.10.06.09.02_amd64.deb,ros-one-actionlib-tools_1.14.0-7-g792eeda-2026.10.06.09.02_amd64.files
urdfdom_py,0.4.6-2026.10.06.08.59,https://github.com/ros/urdf_parser_py/tree/melodic-devel,success,urdfdom_py_0.4.6-2026.10.06.08.59-bloom_generate.log,ros-one-urdfdom-py_0.4.6-2026.10.06.08.59_amd64-2026-10-06T08:59:44Z.build,ros-one-urdfdom-py_0.4.6-2026.10.06.08.59_amd64.deb,ros-one-urdfdom-py_0.4.6-2026.10.06.08.59_amd64.files
geometry2,0.7.5-34-g86d8b56-2026.10.06.09.05,https://github.com/ros-o/geometry2/tree/obese-devel,success,geometry2_0.7.5-34-g86d8b56-2026.10.06.09.05-bloom_generate.log,ros-one-geometry2_0.7.5-34-g86d8b56-2026.10.06.09.05_amd64-2026-10-06T09:05:46Z.build,ros-one-geometry2_0.7.5-34-g86d8b56-2026.10.06.09.05_amd64.deb,ros-one-geometry2_0.7.5-34-g86d8b56-2026.10.06.09.05_amd64.files
tf2_msgs,0.7.5-34-g86d8b56-2026.10.06.09.06,https://github.com/ros-o/geometry2/tree/obese-devel,success,tf2_msgs_0.7.5-34-g86d8b56-2026.10.06.09.06-bloom_generate.log,ros-one-tf2-msgs_0.7.5-34-g86d8b56-2026.10.06.09.06_amd64-2026-10-06T09:06:44Z.build,ros-one-tf2-msgs_0.7.5-34-g86d8b56-2026.10.06.09.06_amd64.deb,ros-one-tf2-msgs_0.7.5-34-g86d8b56-2026.10.06.09.06_amd64.files
tf2,0.7.5-34-g86d8b56-2026.10.06.09.07,https://github.com/ros-o/geometry2/tree/obese-devel,success,tf2_0.7.5-34-g86d8b56-2026.10.06.09.07-bloom_generate.log,ros-one-tf2_0.7.5-34-g86d8b56-2026.10.06.09.07_amd64-2026-10-06T09:07:52Z.build,ros-one-tf2_0.7.5-34-g86d8b56-2026.10.06.09.07_amd64.deb,ros-one-tf2_0.7.5-34-g86d8b56-2026.10.06.09.07_amd64.files
tf2_bullet,0.7.5-34-g86d8b56-2026.10.06.09.09,https://github.com/ros-o/geometry2/tree/obese-devel,success,tf2_bullet_0.7.5-34-g86d8b56-2026.10.06.09.09-bloom_generate.log,ros-one-tf2-bullet_0.7.5-34-g86d8b56-2026.10.06.09.09_amd64-2026-10-06T09:09:05Z.build,ros-one-tf2-bullet_0.7.5-34-g86d8b56-2026.10.06.09.09_amd64.deb,ros-one-tf2-bullet_0.7.5-34-g86d8b56-2026.10.06.09.09_amd64.files
tf2_eigen,0.7.5-34-g86d8b56-2026.10.06.09.10,https://github.com/ros-o/geometry2/tree/obese-devel,success,tf2_eigen_0.7.5-34-g86d8b56-2026.10.06.09.10-bloom_generate.log,ros-one-tf2-eigen_0.7.5-34-g86d8b56-2026.10.06.09.10_amd64-2026-10-06T09:10:09Z.build,ros-one-tf2-eigen_0.7.5-34-g86d8b56-2026.10.06.09.10_amd64.deb,ros-one-tf2-eigen_0.7.5-34-g86d8b56-2026.10.06.09.10_amd64.files
tf2_py,0.7.5-34-g86d8b56-2026.10.06.09.11,https://github.com/ros-o/geometry2/tree/obese-devel,success,tf2_py_0.7.5-34-g86d8b56-2026.10.06.09.11-bloom_generate.log,ros-one-tf2-py_0.7.5-34-g86d8b56-2026.10.06.09.11_amd64-2026-10-06T09:11:15Z.build,ros-one-tf2-py_0.7.5-34-g86d8b56-2026.10.06.09.11_amd64.deb,ros-one-tf2-py_0.7.5-34-g86d8b56-2026.10.06.09.11_amd64.files
tf2_ros,0.7.5-34-g86d8b56-2026.10.06.09.12,https://github.com/ros-o/geometry2/tree/obese-devel,success,tf2_ros_0.7.5-34-g86d8b56-2026.10.06.09.12-bloom_generate.log,ros-one-tf2-ros_0.7.5-34-g86d8b56-2026.10.06.09.12_amd64-2026-10-06T09:12:31Z.build,ros-one-tf2-ros_0.7.5-34-g86d8b56-2026.10.06.09.12_amd64.deb,ros-one-tf2-ros_0.7.5-34-g86d8b56-2026.10.06.09.12_amd64.files
tf2_geometry_msgs,0.7.5-34-g86d8b56-2026.10.06.09.14,https://github.com/ros-o/geometry2/tree/obese-devel,success,tf2_geometry_msgs_0.7.5-34-g86d8b56-2026.10.06.09.14-bloom_generate.log,ros-one-tf2-geometry-msgs_0.7.5-34-g86d8b56-2026.10.06.09.14_amd64-2026-10-06T09:14:14Z.build,ros-one-tf2-geometry-msgs_0.7.5-34-g86d8b56-2026.10.06.09.14_amd64.deb,ros-one-tf2-geometry-msgs_0.7.5-34-g86d8b56-2026.10.06.09.14_amd64.files
tf2_kdl,0.7.5-34-g86d8b56-2026.10.06.09.15,https://github.com/ros-o/geometry2/tree/obese-devel,success,tf2_kdl_0.7.5-34-g86d8b56-2026.10.06.09.15-bloom_generate.log,ros-one-tf2-kdl_0.7.5-34-g86d8b56-2026.10.06.09.15_amd64-2026-10-06T09:15:29Z.build,ros-one-tf2-kdl_0.7.5-34-g86d8b56-2026.10.06.09.15_amd64.deb,ros-one-tf2-kdl_0.7.5-34-g86d8b56-2026.10.06.09.15_amd64.files
test_tf2,0.7.5-34-g86d8b56-2026.10.06.09.16,https://github.com/ros-o/geometry2/tree/obese-devel,success,test_tf2_0.7.5-34-g86d8b56-2026.10.06.09.16-bloom_generate.log,ros-one-test-tf2_0.7.5-34-g86d8b56-2026.10.06.09.16_amd64-2026-10-06T09:16:43Z.build,ros-one-test-tf2_0.7.5-34-g86d8b56-2026.10.06.09.16_amd64.deb,ros-one-test-tf2_0.7.5-34-g86d8b56-2026.10.06.09.16_amd64.files
tf2_sensor_msgs,0.7.5-34-g86d8b56-2026.10.06.09.17,https://github.com/ros-o/geometry2/tree/obese-devel,success,tf2_sensor_msgs_0.7.5-34-g86d8b56-2026.10.06.09.17-bloom_generate.log,ros-one-tf2-sensor-msgs_0.7.5-34-g86d8b56-2026.10.06.09.17_amd64-2026-10-06T09:18:00Z.build,ros-one-tf2-sensor-msgs_0.7.5-34-g86d8b56-2026.10.06.09.17_amd64.deb,ros-one-tf2-sensor-msgs_0.7.5-34-g86d8b56-2026.10.06.09.17_amd64.files
tf2_tools,0.7.5-34-g86d8b56-2026.10.06.09.19,https://github.com/ros-o/geometry2/tree/obese-devel,success,tf2_tools_0.7.5-34-g86d8b56-2026.10.06.09.19-bloom_generate.log,ros-one-tf2-tools_0.7.5-34-g86d8b56-2026.10.06.09.19_amd64-2026-10-06T09:19:14Z.build,ros-one-tf2-tools_0.7.5-34-g86d8b56-2026.10.06.09.19_amd64.deb,ros-one-tf2-tools_0.7.5-34-g86d8b56-2026.10.06.09.19_amd64.files
kdl_parser,1.14.1-2-g093117a-2026.10.06.09.05,https://github.com/ros-o/kdl_parser/tree/obese-devel,success,kdl_parser_1.14.1-2-g093117a-2026.10.06.09.05-bloom_generate.log,ros-one-kdl-parser_1.14.1-2-g093117a-2026.10.06.09.05_amd64-2026-10-06T09:05:39Z.build,ros-one-kdl-parser_1.14.1-2-g093117a-2026.10.06.09.05_amd64.deb,ros-one-kdl-parser_1.14.1-2-g093117a-2026.10.06.09.05_amd64.files
kdl_parser_py,1.14.1-2-g093117a-2026.10.06.09.06,https://github.com/ros-o/kdl_parser/tree/obese-devel,success,kdl_parser_py_1.14.1-2-g093117a-2026.10.06.09.06-bloom_generate.log,ros-one-kdl-parser-py_1.14.1-2-g093117a-2026.10.06.09.06_amd64-2026-10-06T09:06:49Z.build,ros-one-kdl-parser-py_1.14.1-2-g093117a-2026.10.06.09.06_amd64.deb,ros-one-kdl-parser-py_1.14.1-2-g093117a-2026.10.06.09.06_amd64.files
eigen_conversions,1.13.2-14-geeb32b2-2026.10.06.09.22,https://github.com/ros-o/geometry/tree/obese-devel,success,eigen_conversions_1.13.2-14-geeb32b2-2026.10.06.09.22-bloom_generate.log,ros-one-eigen-conversions_1.13.2-14-geeb32b2-2026.10.06.09.22_amd64-2026-10-06T09:22:11Z.build,ros-one-eigen-conversions_1.13.2-14-geeb32b2-2026.10.06.09.22_amd64.deb,ros-one-eigen-conversions_1.13.2-14-geeb32b2-2026.10.06.09.22_amd64.files
geometry,1.13.2-14-geeb32b2-2026.10.06.09.23,https://github.com/ros-o/geometry/tree/obese-devel,success,geometry_1.13.2-14-geeb32b2-2026.10.06.09.23-bloom_generate.log,ros-one-geometry_1.13.2-14-geeb32b2-2026.10.06.09.23_amd64-2026-10-06T09:23:28Z.build,ros-one-geometry_1.13.2-14-geeb32b2-2026.10.06.09.23_amd64.deb,ros-one-geometry_1.13.2-14-geeb32b2-2026.10.06.09.23_amd64.files
kdl_conversions,1.13.2-14-geeb32b2-2026.10.06.09.24,https://github.com/ros-o/geometry/tree/obese-devel,success,kdl_conversions_1.13.2-14-geeb32b2-2026.10.06.09.24-bloom_generate.log,ros-one-kdl-conversions_1.13.2-14-geeb32b2-2026.10.06.09.24_amd64-2026-10-06T09:24:35Z.build,ros-one-kdl-conversions_1.13.2-14-geeb32b2-2026.10.06.09.24_amd64.deb,ros-one-kdl-conversions_1.13.2-14-geeb32b2-2026.10.06.09.24_amd64.files
tf,1.13.2-14-geeb32b2-2026.10.06.09.25,https://github.com/ros-o/geometry/tree/obese-devel,success,tf_1.13.2-14-geeb32b2-2026.10.06.09.25-bloom_generate.log,ros-one-tf_1.13.2-14-geeb32b2-2026.10.06.09.25_amd64-2026-10-06T09:25:48Z.build,ros-one-tf_1.13.2-14-geeb32b2-2026.10.06.09.25_amd64.deb,ros-one-tf_1.13.2-14-geeb32b2-2026.10.06.09.25_amd64.files
tf_conversions,1.13.2-14-geeb32b2-2026.10.06.09.27,https://github.com/ros-o/geometry/tree/obese-devel,success,tf_conversions_1.13.2-14-geeb32b2-2026.10.06.09.27-bloom_generate.log,ros-one-tf-conversions_1.13.2-14-geeb32b2-2026.10.06.09.27_amd64-2026-10-06T09:27:36Z.build,ros-one-tf-conversions_1.13.2-14-geeb32b2-2026.10.06.09.27_amd64.deb,ros-one-tf-conversions_1.13.2-14-geeb32b2-2026.10.06.09.27_amd64.files
robot_state_publisher,1.15.2-5-g498648a-2026.10.06.09.31,https://github.com/isys-vision/robot_state_publisher/tree/mikado,success,robot_state_publisher_1.15.2-5-g498648a-2026.10.06.09.31-bloom_generate.log,ros-one-robot-state-publisher_1.15.2-5-g498648a-2026.10.06.09.31_amd64-2026-10-06T09:31:19Z.build,ros-one-robot-state-publisher_1.15.2-5-g498648a-2026.10.06.09.31_amd64.deb,ros-one-robot-state-publisher_1.15.2-5-g498648a-2026.10.06.09.31_amd64.files
